<?xml version="1.0" encoding="UTF-8"?>
<Cars>
  <Car>
    <Name>Audi</Name>
    <Logo>img/logoCar/audi.png</Logo>
  </Car>
  <Car>
    <Name>BMW</Name>
    <Logo>img/logoCar/bmw.jpg</Logo>
  </Car>
  <Car>
    <Name>Citroën</Name>
    <Logo>img/logoCar/citroen.jpg</Logo>
  </Car>
  <Car>
    <Name>Ferrari</Name>
    <Logo>img/logoCar/ferrari.jpg</Logo>
  </Car>
  <Car>
    <Name>Fiat</Name>
    <Logo>img/logoCar/fiat.jpg</Logo>
  </Car>
  <Car>
    <Name>Mercedes</Name>
    <Logo>img/logoCar/mercedes.jpg</Logo>
  </Car>
  <Car>
    <Name>Peugeot</Name>
    <Logo>img/logoCar/peugeot.png</Logo>
  </Car>
  <Car>
    <Name>Porsche</Name>
    <Logo>img/logoCar/porsche.jpg</Logo>
  </Car>
  <Car>
    <Name>Renault</Name>
    <Logo>img/logoCar/renault.png</Logo>
  </Car>
  <Car>
    <Name>Skoda</Name>
    <Logo>img/logoCar/skoda.jpg</Logo>
  </Car>
  <Car>
    <Name>Tesla</Name>
    <Logo>img/logoCar/tesla.png</Logo>
  </Car>
  <Car>
    <Name>Toyota</Name>
    <Logo>img/logoCar/toyota.png</Logo>
  </Car>
  <Car>
    <Name>Volkswagen</Name>
    <Logo>img/logoCar/volkswagen.jpg</Logo>
  </Car>
  <Car>
    <Name>Lamborghini</Name>
    <Logo>img/logoCar/lamborghini.png</Logo>
  </Car>
</Cars>
